{
  "read_avg_ms": 35.37604319008319,
  "read_p95_ms": 81.9107000133954,
  "throughput_qps": 1438.8773246716569,
  "load_cv": 0.7026717161822704,
  "per_replica_cpu": {
    "replica2": 10.747899159663865,
    "replica3": 10.747899159663865,
    "replica1": 10.747899159663865
  },
  "avg_cpu_pct": 10.747899159663865,
  "staleness_pct": 0.0,
  "router_overhead_ms": 0.0058003979446329765,
  "replica_query_counts": {
    "replica2": 295873,
    "primary": 43493,
    "replica1": 422689,
    "replica3": 101316
  },
  "total_queries": 863371,
  "total_reads": 819878,
  "total_writes": 43493,
  "duration_s": 600.030999999959,
  "config": {
    "strategy": "latency_based",
    "complexity": "simple",
    "workload": "read_heavy",
    "duration_s": 600,
    "concurrency": 50,
    "seed": 242
  },
  "errors": 0,
  "replica_states": [
    {
      "name": "replica1",
      "healthy": true,
      "ema_latency_ms": 217.2,
      "cpu_pct": 10.5,
      "active_connections": 1,
      "weight": 4
    },
    {
      "name": "replica2",
      "healthy": true,
      "ema_latency_ms": 51.5,
      "cpu_pct": 10.5,
      "active_connections": 1,
      "weight": 2
    },
    {
      "name": "replica3",
      "healthy": true,
      "ema_latency_ms": 213.94,
      "cpu_pct": 10.5,
      "active_connections": 1,
      "weight": 1
    }
  ]
}