{
  "read_avg_ms": 43.190359471671144,
  "read_p95_ms": 105.48179998295382,
  "throughput_qps": 1163.0449093463171,
  "load_cv": 0.7083400528221696,
  "per_replica_cpu": {
    "replica1": 10.745762711864407,
    "replica2": 10.745762711864407,
    "replica3": 10.745762711864407
  },
  "avg_cpu_pct": 10.745762711864407,
  "staleness_pct": 0.0,
  "router_overhead_ms": 0.007198426492431626,
  "replica_query_counts": {
    "replica1": 349137,
    "primary": 34695,
    "replica2": 229245,
    "replica3": 84786
  },
  "total_queries": 697863,
  "total_reads": 663168,
  "total_writes": 34695,
  "duration_s": 600.0310000000172,
  "config": {
    "strategy": "latency_based",
    "complexity": "simple",
    "workload": "read_heavy",
    "duration_s": 600,
    "concurrency": 50,
    "seed": 342
  },
  "errors": 0,
  "replica_states": [
    {
      "name": "replica1",
      "healthy": true,
      "ema_latency_ms": 262.32,
      "cpu_pct": 10.5,
      "active_connections": 1,
      "weight": 4
    },
    {
      "name": "replica2",
      "healthy": true,
      "ema_latency_ms": 76.06,
      "cpu_pct": 10.5,
      "active_connections": 1,
      "weight": 2
    },
    {
      "name": "replica3",
      "healthy": true,
      "ema_latency_ms": 171.95,
      "cpu_pct": 10.5,
      "active_connections": 1,
      "weight": 1
    }
  ]
}