{
  "read_avg_ms": 54.05780464667518,
  "read_p95_ms": 104.41440000431612,
  "throughput_qps": 923.7052861718596,
  "load_cv": 0.7465287935640275,
  "per_replica_cpu": {
    "replica3": 8.245689655172415,
    "replica2": 8.068965517241379,
    "replica1": 10.745689655172415
  },
  "avg_cpu_pct": 9.020114942528735,
  "staleness_pct": 0.0,
  "router_overhead_ms": 0.024002415449997903,
  "replica_query_counts": {
    "replica2": 150465,
    "replica1": 300929,
    "replica3": 75232,
    "primary": 27684
  },
  "total_queries": 554310,
  "total_reads": 526626,
  "total_writes": 27684,
  "duration_s": 600.0939999999828,
  "config": {
    "strategy": "weighted_rr",
    "complexity": "simple",
    "workload": "read_heavy",
    "duration_s": 600,
    "concurrency": 50,
    "seed": 542
  },
  "errors": 0,
  "replica_states": [
    {
      "name": "replica1",
      "healthy": true,
      "ema_latency_ms": 104.01,
      "cpu_pct": 10.5,
      "active_connections": 1,
      "weight": 4
    },
    {
      "name": "replica2",
      "healthy": true,
      "ema_latency_ms": 70.58,
      "cpu_pct": 8.5,
      "active_connections": 1,
      "weight": 2
    },
    {
      "name": "replica3",
      "healthy": true,
      "ema_latency_ms": 73.79,
      "cpu_pct": 8.0,
      "active_connections": 1,
      "weight": 1
    }
  ]
}